,id,url,image,title,platform,release_date,summary,metascore,userscore,genre
0,101557,https://www.metacritic.com/game/playstation-2/wwf-smackdown!-just-bring-it,https://static.metacritic.com/images/products/games/7/2383a891b34f90965cdf7b59408a5f52-98.jpg,WWF SmackDown! Just Bring It,PlayStation 2,"November 18, 2001","Square off against more than 30 Superstars in 60 different match types. Perform bone-shattering finishers - from The Rock Bottom to The Stone Cold Stunner - as you annihilate opponents with more than a 1,000 different moves. [THQ]",76,7.3,Wrestling
1,161011,https://www.metacritic.com/game/game-boy-advance/fire-pro-wrestling,https://static.metacritic.com/images/products/games/1/f7a45e2fa43a81f0f3bcc18ab6b591b8-98.jpg,Fire Pro Wrestling,Game Boy Advance,"June 10, 2001",Step into the Fire Pro Wrestling ring and experience blistering hot wrestling action that will blow you away! Extreme Wrestlers. Masked Luchadores. Martial Artists. Ultimate Fighters. They're all here and they all have one mission--win at any cost. Chose Slams. Flying Backbreakers. Pile Drivers. Skull Crushers. No move is too extreme and nothing is illegal unless you get caught!,80,8.0,Wrestling
2,161984,https://www.metacritic.com/game/playstation/the-simpsons-wrestling,https://static.metacritic.com/images/products/games/4/c29fe31028f978857a0f361f3999d77c-98.jpg,The Simpsons Wrestling,PlayStation,"April 12, 2001","In the end, wit and charm are the two most redeeming features of The Simpsons Wrestling, as it simply can't survive on its gameplay alone.",32,5.6,Wrestling
3,163132,https://www.metacritic.com/game/dreamcast/ecw-anarchy-rulz,https://static.metacritic.com/images/products/games/2/75a9d5837c03052a0b23419eca71fd4a-98.jpg,ECW Anarchy Rulz,Dreamcast,"December 30, 2000","Anarchy in the USA!

*All new control system!
*First-ever blistering Brimstone match plus music from Dope & One Minute Silence!
*The Bionic Elbow from ""The American Dream"" Dusty Rhodes!
*Backlot brawls, all-new finishers & 2-man commentary!
*Never before seen hardcore table matches!
*RVD, Tanaka, The Sandman & over 60 extreme wrestlers!",38,6.8,Wrestling
4,160881,https://www.metacritic.com/game/nintendo-64/wcw-backstage-assault,https://static.metacritic.com/images/products/games/1/caf8ff5c41d19a352c7c8d591eda13ec-98.jpg,WCW Backstage Assault,Nintendo 64,"December 12, 2000","No-Holds-Barred Brawling! Over 50 WCW superstars, including the women of the WCW! 14 playable Backstage Areas, including the new Semi-Trailer Area. Destroy your enemy faster with power-ups! New - First Blood Mode and Torch matches! Use your environment as a weapon!",48,5.6,Wrestling
5,161963,https://www.metacritic.com/game/playstation/wwf-smackdown!-2-know-your-role,https://static.metacritic.com/images/products/games/3/88606d21f73072005b0e2d892f239225-98.jpg,WWF SmackDown! 2: Know Your Role,PlayStation,"November 21, 2000","Prepare for the most outrageous WF experience ever created. Brawl in the ring, backstage, in the VIP room, the parking lot of the new WF New York. Let your fury rage in the new Tornado Tag Team mode. If that's not hardcore enough, pull out the tables, ladders or chairs and really get nasty.",90,8.4,Wrestling
6,161964,https://www.metacritic.com/game/nintendo-64/wwf-no-mercy,https://static.metacritic.com/images/products/games/4/87a8c0dde278ca34b511a09d21bb9654-98.jpg,WWF No Mercy,Nintendo 64,"November 17, 2000","Jump into the ring with the biggest, baddest jambronis around and experience brutal WWF action never before seen in a console game! Over 65 WWF superstars, all-new Ladder matches, and all-new Double-Team moves, like the Dudley 3D Deathdrop! Take on the entire Federation in Survival Mode. Take the action out of the ring in 10 different backstage areas!",89,8.5,Wrestling
7,161937,https://www.metacritic.com/game/playstation/ecw-anarchy-rulz,https://static.metacritic.com/images/products/games/7/363a47b49d6eaaea7c3b1fb27caecd41-98.jpg,ECW Anarchy Rulz,PlayStation,"August 18, 2000","While Anarchy Rulz bears the ECW logo, the wrestling action is simply too low impact and refined for the likes of this brutal organization.",43,5.7,Wrestling
8,161955,https://www.metacritic.com/game/dreamcast/wwf-royal-rumble,https://static.metacritic.com/images/products/games/5/4549a8dbdcb40b1feaa6374b146afb6f-98.jpg,WWF Royal Rumble,Dreamcast,"August 1, 2000","Immerse yourself in the chaos of a ""Royal Rumble"" match with up to 9 Superstars in the ring at one time. Better watch your back, because in this type of match there are no allegiances or friendships.",66,6.4,Wrestling
9,234303,https://www.metacritic.com/game/xbox-360/wwe-2k14,https://static.metacritic.com/images/products/games/3/4f032485fa89a8c140d07d19244bdae3-98.jpg,WWE 2K14,Xbox 360,"October 29, 2013","WWE 2K14 is 2K Sports'first release in the flagship WWE videogame franchise, WWE 2K14. 2K promises the most electrifying, authentic and comprehensive WWE video game experience to date. Become Immortal.",75,7.7,Wrestling
10,234304,https://www.metacritic.com/game/playstation-3/wwe-2k14,https://static.metacritic.com/images/products/games/4/a68571c1bf912db086b13f740d0846d2-98.jpg,WWE 2K14,PlayStation 3,"October 29, 2013",WWE 2K14 is and authentic and comprehensive WWE videogame experience and the first release in the flagship WWE videogame franchise for 2K Sports.,74,7.6,Wrestling
11,212597,https://www.metacritic.com/game/xbox-360/wwe-13,https://static.metacritic.com/images/products/games/7/681b15a73d7f7de9488aa6bee29f77c9-98.jpg,WWE '13,Xbox 360,"October 30, 2012","WWE '13 features the franchise's Creation Suite, enabling players to develop and customize Superstars, entrances, arenas, finishing moves, storylines, highlight reels and more, as well as share and download creations with others from around the world. Furthermore, they compete with an array of WWE Superstars and Attitude Era luminaries from a large roster, including cover Superstar CM Punk, Stone Cold Steve Austin, Sheamus, Undertaker, Mankind, Chris Jericho, Big Show and Mark Henry.",78,8.0,Wrestling
12,212598,https://www.metacritic.com/game/playstation-3/wwe-13,https://static.metacritic.com/images/products/games/8/8c5d6f28462db3b2d9fe42dae4fb3dde-98.jpg,WWE '13,PlayStation 3,"October 30, 2012",Relive the Attitude Era of WWE in an all-new story mode. The new WWE Live presentation system features an overhauled audio system and Spectacular Moments. WWE ’13 promises to be the boldest WWE simulation to date.,76,8.1,Wrestling
13,212599,https://www.metacritic.com/game/wii/wwe-13,https://static.metacritic.com/images/products/games/9/d6568c9349cd4d9f7de4a7338ee475cc-98.jpg,WWE '13,Wii,"October 30, 2012","WWE '13 will feature the franchise's industry-defining Creation Suite, enabling players to develop and customize Superstars, entrances, arenas, finishing moves, storylines, highlight reels and more, as well as share and download creations with others from around the world. Furthermore, they will compete with a vast array of WWE Superstars and ""Attitude Era"" luminaries from the largest roster in franchise history, including cover Superstar CM Punk, Stone Cold Steve Austin, Sheamus, Undertaker, Mankind, Chris Jericho, Big Show and Mark Henry. Along with to-be-announced features, a comprehensive roster reveal, downloadable content and big surprises, WWE '13 is poised to live a revolution all its own.",74,6.9,Wrestling
14,155754,https://www.metacritic.com/game/xbox-360/fire-pro-wrestling,https://static.metacritic.com/images/products/games/4/6f1f66865e014223f4b6ded22a18251d-98.jpg,Fire Pro Wrestling,Xbox 360,"September 21, 2012","Your Avatar, in a game of pro-wrestling. Fire Pro Wrestling is a dream come true game that lets your Xbox 360 Avatar fight like a real wrestler. Grow your Avatar, collect moves, costume, fight your friends offline and online, you'll have plenty to do before rising to your wrestling stardom.",48,3.4,Wrestling
15,211535,https://www.metacritic.com/game/xbox-360/bellator-mma-onslaught,https://static.metacritic.com/images/products/games/5/da3a667a853ed74b0fce07353214c43c-98.jpg,Bellator: MMA Onslaught,Xbox 360,"July 4, 2012",MMA Onslaught is an arcade-style fighting game based on the Bellator mixed martial arts tournament organization.,47,6.4,Wrestling
16,181814,https://www.metacritic.com/game/playstation-3/ufc-undisputed-3,https://static.metacritic.com/images/products/games/4/d44561dea8ecd5cd8d635bb12138b1b2-98.jpg,UFC Undisputed 3,PlayStation 3,"February 14, 2012","The critically acclaimed and best-selling MMA videogame franchise returns to take players inside the Octagon with UFC Undisputed 3,  delivering intense UFC action focused on brutal toe-to-toe combat, impressive visual presentation and increased accessibility.",86,7.5,Wrestling
17,181815,https://www.metacritic.com/game/xbox-360/ufc-undisputed-3,https://static.metacritic.com/images/products/games/5/958bffaaf8d6f3753010413eae87f4ed-98.jpg,UFC Undisputed 3,Xbox 360,"February 14, 2012","The critically acclaimed and best-selling MMA videogame franchise returns to take players inside the Octagon with UFC Undisputed 3,  delivering intense UFC action focused on brutal toe-to-toe combat, impressive visual presentation and increased accessibility.",85,7.5,Wrestling
18,181791,https://www.metacritic.com/game/playstation-3/wwe-12,https://static.metacritic.com/images/products/games/1/6b5bdbead1e897178c895dd56c9123f8-98.jpg,WWE '12,PlayStation 3,"November 22, 2011",WWE '12 is the next iteration in this wrestling series with Smackdown vs Raw being no more.,72,6.8,Wrestling
19,181792,https://www.metacritic.com/game/xbox-360/wwe-12,https://static.metacritic.com/images/products/games/2/e00401ed055b9c2a92948e18a79b0a21-98.jpg,WWE '12,Xbox 360,"November 22, 2011",WWE '12 is the next iteration in this wrestling series with Smackdown vs Raw being no more.,71,6.4,Wrestling
20,181795,https://www.metacritic.com/game/wii/wwe-12,https://static.metacritic.com/images/products/games/5/a9710d04a6221a9eb86da20e5dae3d18-98.jpg,WWE '12,Wii,"November 22, 2011",WWE '12 is the next iteration in this wrestling series with Smackdown vs Raw being no more.,74,6.6,Wrestling
21,182413,https://www.metacritic.com/game/3ds/wwe-all-stars,https://static.metacritic.com/images/products/games/3/6abd0be6b7601edceda0785b6ba7eb5f-98.jpg,WWE All Stars,3DS,"November 22, 2011","WWE All Stars will deliver one of the greatest rosters ever assembled in a wrestling-centric videogame.  Renowned WWE Legends will align with today's most prominent Superstars, inviting players to generate fantasy matches and ultimately determine the greatest competitors of all time.  In addition, each Legend and Superstar will boast a distinctive and highly stylized appearance, adding to the overall atmosphere and intrepid attitude exuding from the on-screen action.",71,7.1,Wrestling
22,181813,https://www.metacritic.com/game/xbox-360/hulk-hogans-main-event,https://static.metacritic.com/images/products/games/3/9580a3aa07e9d18443c52afebcde6a6a-98.jpg,Hulk Hogan's Main Event,Xbox 360,"October 11, 2011",It’s all about the show in the first motion-based wrestling game on Kinect for Xbox 360 that lets players train with mentor Hulk Hogan as they build their own wrestling personalities and learn the art of showmanship to win over the crowd.,26,2.5,Wrestling
23,143187,https://www.metacritic.com/game/playstation-3/wwe-all-stars,https://static.metacritic.com/images/products/games/7/cee7907df099f9fda6c28e6c78f57114-98.jpg,WWE All Stars,PlayStation 3,"March 29, 2011","WWE All Stars will deliver one of the greatest rosters ever assembled in a wrestling-centric videogame.  Renowned WWE Legends will align with today's most prominent Superstars, inviting players to generate fantasy matches and ultimately determine the greatest competitors of all time.  In addition, each Legend and Superstar will boast a distinctive and highly stylized appearance, adding to the overall atmosphere and intrepid attitude exuding from the on-screen action.",75,6.8,Wrestling
24,143188,https://www.metacritic.com/game/xbox-360/wwe-all-stars,https://static.metacritic.com/images/products/games/8/4b928e6abba3bf612702bc5cdb796d9e-98.jpg,WWE All Stars,Xbox 360,"March 29, 2011","WWE All Stars will deliver one of the greatest rosters ever assembled in a wrestling-centric videogame.  Renowned WWE Legends will align with todayâ€™s most prominent Superstars, inviting players to generate fantasy matches and ultimately determine the greatest competitors of all time.  In addition, each Legend and Superstar will boast a distinctive and highly stylized appearance, adding to the overall atmosphere and intrepid attitude exuding from the on-screen action.",75,7.2,Wrestling
25,143191,https://www.metacritic.com/game/wii/wwe-all-stars,https://static.metacritic.com/images/products/games/1/b04529eb939d8b08b098785e31091004-98.jpg,WWE All Stars,Wii,"March 29, 2011","WWE All Stars will deliver one of the greatest rosters ever assembled in a wrestling-centric videogame.  Renowned WWE Legends will align with today's most prominent Superstars, inviting players to generate fantasy matches and ultimately determine the greatest competitors of all time.  In addition, each Legend and Superstar will boast a distinctive and highly stylized appearance, adding to the overall atmosphere and intrepid attitude exuding from the on-screen action.",68,7.4,Wrestling
26,143190,https://www.metacritic.com/game/psp/wwe-all-stars,https://static.metacritic.com/images/products/games/0/d8a779c774c14875a5c78067ce3cbc5f-98.jpg,WWE All Stars,PSP,"March 28, 2011","WWE All Stars will deliver one of the greatest rosters ever assembled in a wrestling-centric videogame.  Renowned WWE Legends will align with today's most prominent Superstars, inviting players to generate fantasy matches and ultimately determine the greatest competitors of all time.  In addition, each Legend and Superstar will boast a distinctive and highly stylized appearance, adding to the overall atmosphere and intrepid attitude exuding from the on-screen action.",70,7.8,Wrestling
27,143138,https://www.metacritic.com/game/xbox-360/wwe-smackdown-vs-raw-2011,https://static.metacritic.com/images/products/games/8/506c5c8e5119c053bacc231a763c333b-98.jpg,WWE SmackDown vs. Raw 2011,Xbox 360,"October 26, 2010","WWE SmackDown vs. Raw 2011 will empower players more than ever to to define their gameplay experiences in a dynamic and ever-changing WWE.  Along the way, gameplay scenarios will change based on player decisions, allowing for more spontaneous WWE action in and out of the ring.  Players will also enjoy a greater level of interactivity and have increased control of their destinies in the game's popular Road to WrestleMania story-driven mode.",75,7.6,Wrestling
28,143139,https://www.metacritic.com/game/playstation-3/wwe-smackdown-vs-raw-2011,https://static.metacritic.com/images/products/games/9/a45e700475b0d2d3fbe85d68b4195d6c-98.jpg,WWE SmackDown vs. Raw 2011,PlayStation 3,"October 26, 2010","WWE SmackDown vs. Raw 2011 will empower players more than ever to to define their gameplay experiences in a dynamic and ever-changing WWE.  Along the way, gameplay scenarios will change based on player decisions, allowing for more spontaneous WWE action in and out of the ring.  Players will also enjoy a greater level of interactivity and have increased control of their destinies in the game's popular Road to WrestleMania story-driven mode.",74,7.9,Wrestling
29,143141,https://www.metacritic.com/game/wii/wwe-smackdown-vs-raw-2011,https://static.metacritic.com/images/products/games/1/9c703086999f09e39d520825697c5843-98.jpg,WWE SmackDown vs. Raw 2011,Wii,"October 26, 2010","WWE SmackDown vs. Raw 2011 will empower players more than ever to to define their gameplay experiences in a dynamic and ever-changing WWE.  Along the way, gameplay scenarios will change based on player decisions, allowing for more spontaneous WWE action in and out of the ring.  Players will also enjoy a greater level of interactivity and have increased control of their destinies in the game's popular Road to WrestleMania story-driven mode.",72,7.3,Wrestling
30,115101,https://www.metacritic.com/game/xbox-360/ea-sports-mma,https://static.metacritic.com/images/products/games/1/6a1d80689d3962f1562cde6079efc3e8-98.jpg,EA Sports MMA,Xbox 360,"October 19, 2010","EA SPORTS MMA promises to feature the most authentic, intense and broad mixed martial arts experience to date - complete with a vast array of top fighters and fighting styles from around the world. [Electronic Arts]",79,8.0,Wrestling
31,115102,https://www.metacritic.com/game/playstation-3/ea-sports-mma,https://static.metacritic.com/images/products/games/2/52a62dc71d27b3f4931a7f952bb12bd8-98.jpg,EA Sports MMA,PlayStation 3,"October 19, 2010","EA SPORTS MMA promises to feature the most authentic, intense and broad mixed martial arts experience to date - complete with a vast array of top fighters and fighting styles from around the world. [Electronic Arts]",77,6.7,Wrestling
32,143012,https://www.metacritic.com/game/xbox-360/lucha-libre-aaa-heroes-del-ring,https://static.metacritic.com/images/products/games/2/850bddd48ce2241dfa9a0ffd2e102748-98.jpg,Lucha Libre AAA Heroes del Ring,Xbox 360,"October 12, 2010","Lucha Libre AAA 2011 - Heroes of the Ring is a wrestling video game based on the popular Mexican ""Lucha Libre"" style of wrestling.",49,6.9,Wrestling
33,143017,https://www.metacritic.com/game/playstation-3/lucha-libre-aaa-heroes-del-ring,https://static.metacritic.com/images/products/games/7/850bddd48ce2241dfa9a0ffd2e102748-98.jpg,Lucha Libre AAA Heroes del Ring,PlayStation 3,"October 12, 2010",Lucha Libre AAA 2011: Heroes of the Ring is a wrestling video game based on the popular Mexican lucha libre style of wrestling.,54,7.8,Wrestling
34,131086,https://www.metacritic.com/game/psp/ufc-undisputed-2010,https://static.metacritic.com/images/products/games/6/14721afa509a769cab3d02f2fb5761d6-98.jpg,UFC Undisputed 2010,PSP,"September 7, 2010",THQ's wildly popular ultimate fighting game is back for a second round.,74,7.0,Wrestling
35,145752,https://www.metacritic.com/game/psp/tna-impact-cross-the-line,https://static.metacritic.com/images/products/games/2/dc9a5b23b183eb807c8cdfa7b973389d-98.jpg,TNA Impact: Cross the Line,PSP,"June 21, 2010","Once, you were Suicide, the fastest rising star of the TNA iMPACT wrestling scene. You blew through some of the fiercest opponents; taking down AJ Styles, devastating Robert Roode, and destroying Booker T. But then... everything changed. The politics behind the ring got heated, and not in your favor. When you finally claimed the title, someone came for you. And now you're here. You've woken up in what appears to be a rundown hospital in Mexico, and you can't remember a thing; your name, what you do, and certainly not why you're here. Lost in a land that is not your own, you need to get back to America. You hear talk of a local wrestling match where the winner goes on to wrestle at a nearby American Air Force base. This is the best shot you've got at getting home. But once you're in the ring, something strange happens. Your body seems to remember what your mind cannot. Punches, grapples, throws, and stomps all come naturally, as if you were a seasoned professional...This is where your journey begins. Find your way home, remember who you were, and claim what was rightfully yours. [SouthPeak Games]",50,6.5,Wrestling
36,131073,https://www.metacritic.com/game/playstation-3/ufc-undisputed-2010,https://static.metacritic.com/images/products/games/3/9b3d71302d4980938adb7a5cb2a487c1-98.jpg,UFC Undisputed 2010,PlayStation 3,"May 25, 2010","UFC Undisputed 2010 is the only mixed martial arts (MMA) videogame this year that delivers the action, intensity and prestige of the Ultimate Fighting Championship. Players navigate a roster of more than 100 prolific UFC fighters, each fully rendered to convey a photorealistic appearance. Prominent UFC personalities, including commentators Joe Rogan and Mike Goldberg, veteran voice of the Octagon Bruce Buffer, the Octagon Girls, referees, trainers and more, return to showcase an authentic and memorable UFC videogame experience. Enhanced combat offers players a new Sway System with full upper body and head movement that allows for the dodging of attacks. On the ground, a new Posture System enables players to deliver stronger, fight-ending strikes from every position. In addition, players manage Octagon control with new strikes, submissions, transitions and cage positions, as well as experience added realism with the introduction of Southpaw stance. Players also enjoy customizable freedom with created fighters by combining moves from numerous MMA disciplines, including new moves taken from Sambo, Karate and Greco-Roman Wrestling, to become true mixed martial artists. [THQ]",85,7.3,Wrestling
37,131074,https://www.metacritic.com/game/xbox-360/ufc-undisputed-2010,https://static.metacritic.com/images/products/games/4/616768132fb6db72cba507afbc388717-98.jpg,UFC Undisputed 2010,Xbox 360,"May 25, 2010","UFC Undisputed 2010 is the only mixed martial arts (MMA) videogame this year that delivers the action, intensity and prestige of the Ultimate Fighting Championship. Players navigate a roster of more than 100 prolific UFC fighters, each fully rendered to convey a photorealistic appearance. Prominent UFC personalities, including commentators Joe Rogan and Mike Goldberg, veteran voice of the Octagon Bruce Buffer, the Octagon Girls, referees, trainers and more, return to showcase an authentic and memorable UFC videogame experience. Enhanced combat offers players a new Sway System with full upper body and head movement that allows for the dodging of attacks. On the ground, a new Posture System enables players to deliver stronger, fight-ending strikes from every position. In addition, players manage Octagon control with new strikes, submissions, transitions and cage positions, as well as experience added realism with the introduction of Southpaw stance. Players also enjoy customizable freedom with created fighters by combining moves from numerous MMA disciplines, including new moves taken from Sambo, Karate and Greco-Roman Wrestling, to become true mixed martial artists. [THQ]",84,6.7,Wrestling
38,114925,https://www.metacritic.com/game/xbox-360/wwe-smackdown-vs-raw-2010,https://static.metacritic.com/images/products/games/5/9bc17f05892f0f957ffdc1b1e8a0d7e0-98.jpg,WWE SmackDown vs. Raw 2010,Xbox 360,"October 20, 2009","CREATE-A-SUPERSTAR REDESIGN - The franchise’s renowned customization interface delivers a new look, improved graphical quality and a host of new parts, allowing players to create Superstars who are comparable in quality with their WWE counterparts.  Take creation one step further with a new Paint Tool to detail created Superstars with original tattoos, logos and other unique designs. SHARE THE CREATIVITY - Share created content with the WWE Universe by uploading created Superstars, entrances, finishing moves, highlight reels, created storylines and more.  Utilize the keyword search engine to view created content from around the world and download for use both offline and online. SUPERSTAR THREADS - For the first time in franchise history, create alternate ring gear for Superstars by customizing the colors of shirts, logos, face paint, elbow pads, boots and much more.  Save the alternate looks for use throughout the game and online to show off the Superstars in grand fashion. [THQ]",80,8.2,Wrestling
39,114926,https://www.metacritic.com/game/playstation-3/wwe-smackdown-vs-raw-2010,https://static.metacritic.com/images/products/games/6/d0a4e5cd361c65b1b49f462dd20054d5-98.jpg,WWE SmackDown vs. Raw 2010,PlayStation 3,"October 20, 2009","CREATE-A-SUPERSTAR REDESIGN - The franchise’s renowned customization interface delivers a new look, improved graphical quality and a host of new parts, allowing players to create Superstars who are comparable in quality with their WWE counterparts.  Take creation one step further with a new Paint Tool to detail created Superstars with original tattoos, logos and other unique designs. SHARE THE CREATIVITY - Share created content with the WWE Universe by uploading created Superstars, entrances, finishing moves, highlight reels, created storylines and more.  Utilize the keyword search engine to view created content from around the world and download for use both offline and online. SUPERSTAR THREADS - For the first time in franchise history, create alternate ring gear for Superstars by customizing the colors of shirts, logos, face paint, elbow pads, boots and much more.  Save the alternate looks for use throughout the game and online to show off the Superstars in grand fashion. [THQ]",81,8.1,Wrestling
40,114928,https://www.metacritic.com/game/wii/wwe-smackdown-vs-raw-2010,https://static.metacritic.com/images/products/games/8/e37533888329d503acbf8a621261c8b1-98.jpg,WWE SmackDown vs. Raw 2010,Wii,"October 20, 2009","Featuring unparalleled creation tools, a robust Superstar roster, key franchise improvements and a few surprises, WWE SmackDown vs. Raw 2010 delivers the empowering freedom to create, customize and share gameplay experiences.  It’s the player’s world now. [THQ]",78,8.1,Wrestling
41,114929,https://www.metacritic.com/game/ds/wwe-smackdown-vs-raw-2010,https://static.metacritic.com/images/products/games/9/4c9ab335e6e3b50710ca25e58585ada7-98.jpg,WWE SmackDown vs. Raw 2010,DS,"October 20, 2009","The best-selling fighting videogame franchise returns to the virtual ring with the most authentic, entertaining and portable simulation of WWE programming to date.  Featuring innovative new gameplay controls, an engaging Story Mode and an extensive array of unlockable content, WWE SmackDown vs. Raw 2010 delivers a compelling experience unique to the Nintendo DS.  It’s the player’s world now. [THQ]",75,8.0,Wrestling
42,112595,https://www.metacritic.com/game/playstation-3/ufc-undisputed-2009,https://static.metacritic.com/images/products/games/5/5ac72cb313921d5934a050adafe2a4d5-98.jpg,UFC Undisputed 2009,PlayStation 3,"May 19, 2009","UFC 2009 Undisputed is an explosive fighting game that details the action, intensity and attitude of a UFC live event. Players explore a deep roster of more than 80 top fighters in UFC competition across all five weight classes. In addition, they enter the Octagon surrounded by the sport’s popular commentators, announcers, referees, trainers, Octagon girls and more. Photorealistic models are at the forefront, as players view amazing ripple effects across the faces and bodies of their fighters from the impact of devastating punches and kicks. A brand new fighting game engine designed specifically for next generation systems delivers innovative, responsive and easy-to-play controls that give unparalleled command of fighters, as players take down opponents with a variety of mixed martial arts disciplines like Muay Thai, Kickboxing and Brazilian Jiu-Jitsu. In addition, the game’s Create-A-Fighter system jumpstarts the careers of future champions through character customization and training management, while a robust Career Mode develops a fighter's attributes and skill sets while fighting to enter the UFC Hall of Fame through a series of dynamic storylines. Furthermore, players can enhance their UFC 2009 Undisputed gameplay experience through online support, including downloadable content. [THQ]",84,8.1,Wrestling
43,112596,https://www.metacritic.com/game/xbox-360/ufc-undisputed-2009,https://static.metacritic.com/images/products/games/6/10e955d5d5a198bbad782b6d88dce74b-98.jpg,UFC Undisputed 2009,Xbox 360,"May 19, 2009","UFC 2009 Undisputed is an explosive fighting game that details the action, intensity and attitude of a UFC live event. Players explore a deep roster of more than 80 top fighters in UFC competition across all five weight classes. In addition, they enter the Octagon surrounded by the sport’s popular commentators, announcers, referees, trainers, Octagon girls and more. Photorealistic models are at the forefront, as players view amazing ripple effects across the faces and bodies of their fighters from the impact of devastating punches and kicks. A brand new fighting game engine designed specifically for next generation systems delivers innovative, responsive and easy-to-play controls that give unparalleled command of fighters, as players take down opponents with a variety of mixed martial arts disciplines like Muay Thai, Kickboxing and Brazilian Jiu-Jitsu. In addition, the game’s Create-A-Fighter system jumpstarts the careers of future champions through character customization and training management, while a robust Career Mode develops a fighter's attributes and skill sets while fighting to enter the UFC Hall of Fame through a series of dynamic storylines. Furthermore, players can enhance their UFC 2009 Undisputed gameplay experience through online support, including downloadable content. [THQ]",83,7.9,Wrestling
44,112252,https://www.metacritic.com/game/xbox-360/wwe-legends-of-wrestlemania,https://static.metacritic.com/images/products/games/2/9f7322c7345ac125697f1530c72964c3-98.jpg,WWE Legends of WrestleMania,Xbox 360,"March 24, 2009","WWE Legends of WrestleMania embraces the leading sports entertainment organization's rich history to relive, rewrite or recreate the definitive elements of WWE from the Eighties and Nineties. Players relive the entertaining lives of more than 40 larger-than-life Legends and have control over Legendary Managers, each of whom play crucial roles in match outcomes. The game's new grapple-based fighting system captures the high-energy action and drama seen in vintage WWE matches, while a historically accurate representation of past WWE telecasts sets the stage, including dynamic visual treatments, signature ring entrances, renowned commentators and notable venues. WWE Legends of WrestleMania also includes a WrestleMania Tour Mode that allows players to participate in key matches from multiple WrestleMania events, a Create-A-Legend system to develop the Legends of tomorrow, as well as online functionality for players to compete on the biggest stages in WWE history. [THQ]",71,6.1,Wrestling
45,112253,https://www.metacritic.com/game/playstation-3/wwe-legends-of-wrestlemania,https://static.metacritic.com/images/products/games/3/ed2c716a85e192a16d93334d62e5f685-98.jpg,WWE Legends of WrestleMania,PlayStation 3,"March 24, 2009","WWE Legends of WrestleMania embraces the leading sports entertainment organization's rich history to relive, rewrite or recreate the definitive elements of WWE from the Eighties and Nineties. Players relive the entertaining lives of more than 40 larger-than-life Legends and have control over Legendary Managers, each of whom play crucial roles in match outcomes. The game's new grapple-based fighting system captures the high-energy action and drama seen in vintage WWE matches, while a historically accurate representation of past WWE telecasts sets the stage, including dynamic visual treatments, signature ring entrances, renowned commentators and notable venues. WWE Legends of WrestleMania also includes a WrestleMania Tour Mode that allows players to participate in key matches from multiple WrestleMania events, a Create-A-Legend system to develop the Legends of tomorrow, as well as online functionality for players to compete on the biggest stages in WWE history. [THQ]",70,6.7,Wrestling
46,112059,https://www.metacritic.com/game/xbox-360/wwe-smackdown-vs-raw-2009,https://static.metacritic.com/images/products/games/9/403fb6fbace7ab62a9c12307fb70259f-98.jpg,WWE SmackDown vs. Raw 2009,Xbox 360,"November 9, 2008","WWE SmackDown vs. Raw 2009 upholds the franchise’s commitment to delivering the definitive videogame simulation of live WWE programming. The Xbox 360, PLAYSTATION 3 system, PlayStation 2 system and PSP system versions of the game unleash a brand new tag team experience, allowing players to build momentum and attributes, eliminate opponents with high impact double teams and finishers, as well as get the “hot tag” for the win. The franchise's renowned creation system offers a brand new Create-A-Finisher option, while a new Road to WrestleMania Mode paves the way to WWE’s biggest event of the year and lets players experience co-op storylines for the first time. WWE SmackDown vs. Raw 2009 also extends the virtual WWE gameplay experience with robust online capabilities, including the highly anticipated debut of downloadable content. [THQ]",79,7.0,Wrestling
47,112060,https://www.metacritic.com/game/playstation-3/wwe-smackdown-vs-raw-2009,https://static.metacritic.com/images/products/games/0/abb31e7b314d0b66e834670de3efbc1a-98.jpg,WWE SmackDown vs. Raw 2009,PlayStation 3,"November 9, 2008","WWE SmackDown vs. Raw 2009 upholds the franchise’s commitment to delivering the definitive videogame simulation of live WWE programming. The Xbox 360, PLAYSTATION 3 system, PlayStation 2 system and PSP system versions of the game unleash a brand new tag team experience, allowing players to build momentum and attributes, eliminate opponents with high impact double teams and finishers, as well as get the “hot tag” for the win. The franchise's renowned creation system offers a brand new Create-A-Finisher option, while a new Road to WrestleMania Mode paves the way to WWE’s biggest event of the year and lets players experience co-op storylines for the first time. WWE SmackDown vs. Raw 2009 also extends the virtual WWE gameplay experience with robust online capabilities, including the highly anticipated debut of downloadable content. [THQ]",78,7.0,Wrestling
48,112061,https://www.metacritic.com/game/playstation-2/wwe-smackdown-vs-raw-2009,https://static.metacritic.com/images/products/games/1/a5398cde27884d0a06ee9b8f7e8bdd28-98.jpg,WWE SmackDown vs. Raw 2009,PlayStation 2,"November 9, 2008","WWE SmackDown vs. Raw 2009 upholds the franchise’s commitment to delivering the definitive videogame simulation of live WWE programming. The Xbox 360, PLAYSTATION 3 system, PlayStation 2 system and PSP system versions of the game unleash a brand new tag team experience, allowing players to build momentum and attributes, eliminate opponents with high impact double teams and finishers, as well as get the “hot tag” for the win. The franchise's renowned creation system offers a brand new Create-A-Finisher option, while a new Road to WrestleMania Mode paves the way to WWE’s biggest event of the year and lets players experience co-op storylines for the first time. WWE SmackDown vs. Raw 2009 also extends the virtual WWE gameplay experience with robust online capabilities, including the highly anticipated debut of downloadable content. [THQ]",78,7.4,Wrestling
49,112062,https://www.metacritic.com/game/wii/wwe-smackdown-vs-raw-2009,https://static.metacritic.com/images/products/games/2/89f835530debde1dc7be45fa859de94d-98.jpg,WWE SmackDown vs. Raw 2009,Wii,"November 9, 2008","WWE SmackDown vs. Raw 2009 for Wii builds upon its inaugural offering by significantly expanding its match type options, giving players more ways to enjoy the platform's unique pick-up-and-play experience. The game also takes full combat sports entertainment to the next level by giving players more Superstar control with interactive entrances and victory scenes. WWE SmackDown vs. Raw 2009 for Wii also includes a wide variety of new weapons, the debut of online gameplay and much more. [THQ]",79,8.5,Wrestling
50,112063,https://www.metacritic.com/game/ds/wwe-smackdown-vs-raw-2009,https://static.metacritic.com/images/products/games/3/a8572416b9ad68252f9c7047bc613146-98.jpg,WWE SmackDown vs. Raw 2009,DS,"November 9, 2008","WWE SmackDown vs. Raw 2009 for Nintendo DS returns with new gameplay controls that utilize the stylus and D-pad to deliver a compelling handheld fighting game experience. The redesigned Season Mode takes a role-playing approach, allowing players to interact with Superstars, upgrade their abilities and complete missions on a quest toward legendary goals. In addition, a larger Superstar roster, new match types and the inclusion of Create-A-Superstar provides players with a variety of intriguing options to enhance gameplay. [THQ]",58,6.8,Wrestling
51,112064,https://www.metacritic.com/game/psp/wwe-smackdown-vs-raw-2009,https://static.metacritic.com/images/products/games/4/f529413f68113d72424938f1e8db6192-98.jpg,WWE SmackDown vs. Raw 2009,PSP,"November 9, 2008","WWE SmackDown vs. Raw 2009 upholds the franchise’s commitment to delivering the definitive videogame simulation of live WWE programming. The Xbox 360, PLAYSTATION 3 system, PlayStation 2 system and PSP system versions of the game unleash a brand new tag team experience, allowing players to build momentum and attributes, eliminate opponents with high impact double teams and finishers, as well as get the “hot tag” for the win. The franchise's renowned creation system offers a brand new Create-A-Finisher option, while a new Road to WrestleMania Mode paves the way to WWE’s biggest event of the year and lets players experience co-op storylines for the first time. WWE SmackDown vs. Raw 2009 also extends the virtual WWE gameplay experience with robust online capabilities, including the highly anticipated debut of downloadable content. [THQ]",72,6.6,Wrestling
52,108629,https://www.metacritic.com/game/wii/tna-impact!,https://static.metacritic.com/images/products/games/9/0d16b278b5f195bceda62ffdad1d5522-98.jpg,TNA iMPACT!,Wii,"September 16, 2008","TNA iMPACT! is geared towards a quick paced, high-impact style of play, with less emphasis on submission moves. It also features straightforward, intuitive controls, with ""accurate"" and ""detailed"" character models. Actual scans of the wrestlers were used for the game in place of hand-painted textures to include small details, such as skin textures. Wrestling maneuvers are captured from actual TNA wrestlers in extensive motion capture sessions. Finishers are accessed by building up an ""Impact! meter"" displayed on the screen, the same place a color-coded damage indicator shows the condition of characters. The game also features mini-games for escaping pin attempts and submission holds. TNA's exclusive Ultimate X and King of the Mountain are playable match types alongside the more standard singles, tag team and Fatal Four-Way matches. The game is playable online, and supports tournaments. Eight different venues—including TNA's main home, the Florida Impact! Zone, and arenas in Japan and England—are be available to house matches, with the Impact! Zone having an increased ringside area for play and hotspots for player interaction. The game also features top wrestling talent such as Abyss, Kurt Angle, Christian Cage, Jeff Jarrett, Booker T, Samoa Joe, AJ Styles, Sting and more to deliver all of the excitement and action of the television show. [Midway]",43,7.2,Wrestling
53,108628,https://www.metacritic.com/game/xbox-360/tna-impact!,https://static.metacritic.com/images/products/games/8/0f3cccae85bee7daec78cec73c7e732d-98.jpg,TNA iMPACT!,Xbox 360,"September 9, 2008","TNA iMPACT! is geared towards a quick paced, high-impact style of play, with less emphasis on submission moves. It also features straightforward, intuitive controls, with ""accurate"" and ""detailed"" character models. Actual scans of the wrestlers were used for the game in place of hand-painted textures to include small details, such as skin textures. Wrestling maneuvers are captured from actual TNA wrestlers in extensive motion capture sessions. Finishers are accessed by building up an ""Impact! meter"" displayed on the screen, the same place a color-coded damage indicator shows the condition of characters. The game also features mini-games for escaping pin attempts and submission holds. TNA's exclusive Ultimate X and King of the Mountain are playable match types alongside the more standard singles, tag team and Fatal Four-Way matches. The game is playable online, and supports tournaments. Eight different venues—including TNA's main home, the Florida Impact! Zone, and arenas in Japan and England—are be available to house matches, with the Impact! Zone having an increased ringside area for play and hotspots for player interaction. The game also features top wrestling talent such as Abyss, Kurt Angle, Christian Cage, Jeff Jarrett, Booker T, Samoa Joe, AJ Styles, Sting and more to deliver all of the excitement and action of the television show. [Midway]",62,6.0,Wrestling
54,108630,https://www.metacritic.com/game/playstation-3/tna-impact!,https://static.metacritic.com/images/products/games/0/84a2a05a1677c4c7a8a79794c3d05a97-98.jpg,TNA iMPACT!,PlayStation 3,"September 9, 2008","TNA iMPACT! is geared towards a quick paced, high-impact style of play, with less emphasis on submission moves. It also features straightforward, intuitive controls, with ""accurate"" and ""detailed"" character models. Actual scans of the wrestlers were used for the game in place of hand-painted textures to include small details, such as skin textures. Wrestling maneuvers are captured from actual TNA wrestlers in extensive motion capture sessions. Finishers are accessed by building up an ""Impact! meter"" displayed on the screen, the same place a color-coded damage indicator shows the condition of characters. The game also features mini-games for escaping pin attempts and submission holds. TNA's exclusive Ultimate X and King of the Mountain are playable match types alongside the more standard singles, tag team and Fatal Four-Way matches. The game is playable online, and supports tournaments. Eight different venues—including TNA's main home, the Florida Impact! Zone, and arenas in Japan and England—are be available to house matches, with the Impact! Zone having an increased ringside area for play and hotspots for player interaction. The game also features top wrestling talent such as Abyss, Kurt Angle, Christian Cage, Jeff Jarrett, Booker T, Samoa Joe, AJ Styles, Sting and more to deliver all of the excitement and action of the television show. [Midway]",64,4.8,Wrestling
55,111560,https://www.metacritic.com/game/playstation-2/tna-impact!,https://static.metacritic.com/images/products/games/0/cd7ded088e79802b2121c70846ca1e02-98.jpg,TNA iMPACT!,PlayStation 2,"September 9, 2008","TNA iMPACT! is geared towards a quick paced, high-impact style of play, with less emphasis on submission moves. It also features straightforward, intuitive controls, with ""accurate"" and ""detailed"" character models. Actual scans of the wrestlers were used for the game in place of hand-painted textures to include small details, such as skin textures. Wrestling maneuvers are captured from actual TNA wrestlers in extensive motion capture sessions. Finishers are accessed by building up an ""Impact! meter"" displayed on the screen, the same place a color-coded damage indicator shows the condition of characters. The game also features mini-games for escaping pin attempts and submission holds. TNA's exclusive Ultimate X and King of the Mountain are playable match types alongside the more standard singles, tag team and Fatal Four-Way matches. The game is playable online, and supports tournaments. Eight different venues—including TNA's main home, the Florida Impact! Zone, and arenas in Japan and England—are be available to house matches, with the Impact! Zone having an increased ringside area for play and hotspots for player interaction. The game also features top wrestling talent such as Abyss, Kurt Angle, Christian Cage, Jeff Jarrett, Booker T, Samoa Joe, AJ Styles, Sting and more to deliver all of the excitement and action of the television show. [Midway]",58,6.3,Wrestling
56,109874,https://www.metacritic.com/game/xbox-360/wwe-smackdown-vs-raw-2008,https://static.metacritic.com/images/products/games/4/dd99b35fab420936dd4e2281cb7b55e5-98.jpg,WWE SmackDown vs. Raw 2008,Xbox 360,"November 13, 2007","WWE SmackDown! vs. Raw 2008 lets players take the fight into their own hands with the debut of Superstar Fighting Styles. The game features eight unique styles, each having its own strategy and exclusive attributes. A brand new Struggle Submission System gives players intuitive and natural control over their WWE Superstars by using the game's popular analog controls. Realism and strategy are at the forefront, as players now control the amount of pressure they apply to their opponents. In addition, WWE SmackDown! vs. Raw 2008 features a significant Extreme Championship Wrestling (ECW) presence, including a variety of Superstars, arenas and weapons. The game is also packed with significant updates requested by fans, including new rosters, more environmental hotspots, a combined Season and General Manager Mode experience, improved out-of-ring action, enhanced online community support and much more. [THQ]",71,6.9,Wrestling
57,109875,https://www.metacritic.com/game/playstation-2/wwe-smackdown-vs-raw-2008,https://static.metacritic.com/images/products/games/5/25f3693ba93430f0932cab6af7ceb5be-98.jpg,WWE SmackDown vs. Raw 2008,PlayStation 2,"November 13, 2007","WWE SmackDown! vs. Raw 2008 lets players take the fight into their own hands with the debut of Superstar Fighting Styles. The game features eight unique styles, each having its own strategy and exclusive attributes. A brand new Struggle Submission System gives players intuitive and natural control over their WWE Superstars by using the game's popular analog controls. Realism and strategy are at the forefront, as players now control the amount of pressure they apply to their opponents. In addition, WWE SmackDown! vs. Raw 2008 features a significant Extreme Championship Wrestling (ECW) presence, including a variety of Superstars, arenas and weapons. The game is also packed with significant updates requested by fans, including new rosters, more environmental hotspots, a combined Season and General Manager Mode experience, improved out-of-ring action, enhanced online community support and much more. [THQ]",71,7.4,Wrestling
58,109876,https://www.metacritic.com/game/playstation-3/wwe-smackdown-vs-raw-2008,https://static.metacritic.com/images/products/games/6/0142b5a3f405ed9e4881e014bd7c8a1b-98.jpg,WWE SmackDown vs. Raw 2008,PlayStation 3,"November 13, 2007","WWE SmackDown! vs. Raw 2008 lets players take the fight into their own hands with the debut of Superstar Fighting Styles. The game features eight unique styles, each having its own strategy and exclusive attributes. A brand new Struggle Submission System gives players intuitive and natural control over their WWE Superstars by using the game's popular analog controls. Realism and strategy are at the forefront, as players now control the amount of pressure they apply to their opponents. In addition, WWE SmackDown! vs. Raw 2008 features a significant Extreme Championship Wrestling (ECW) presence, including a variety of Superstars, arenas and weapons. The game is also packed with significant updates requested by fans, including new rosters, more environmental hotspots, a combined Season and General Manager Mode experience, improved out-of-ring action, enhanced online community support and much more. [THQ]",74,7.2,Wrestling
59,109877,https://www.metacritic.com/game/psp/wwe-smackdown-vs-raw-2008,https://static.metacritic.com/images/products/games/7/1fb89d8d851f5c8cfd6c41dae2c976fe-98.jpg,WWE SmackDown vs. Raw 2008,PSP,"November 13, 2007","WWE SmackDown! vs. Raw 2008 lets players take the fight into their own hands with the debut of Superstar Fighting Styles. The game features eight unique styles, each having its own strategy and exclusive attributes. A brand new Struggle Submission System gives players intuitive and natural control over their WWE Superstars by using the game's popular analog controls. Realism and strategy are at the forefront, as players now control the amount of pressure they apply to their opponents. In addition, WWE SmackDown! vs. Raw 2008 features a significant Extreme Championship Wrestling (ECW) presence, including a variety of Superstars, arenas and weapons. The game is also packed with significant updates requested by fans, including new rosters, more environmental hotspots, a combined Season and General Manager Mode experience, improved out-of-ring action, enhanced online community support and much more. [THQ]",68,8.0,Wrestling
60,109901,https://www.metacritic.com/game/ds/wwe-smackdown-vs-raw-2008,https://static.metacritic.com/images/products/games/1/7ab8036cc92c087c7a88a05933e31f0d-98.jpg,WWE SmackDown vs. Raw 2008,DS,"November 13, 2007","WWE SmackDown! vs. Raw 2008 lets players take the fight into their own hands with the debut of Superstar Fighting Styles. The game features eight unique styles, each having its own strategy and exclusive attributes. A brand new Struggle Submission System gives players intuitive and natural control over their WWE Superstars by using the game's popular analog controls. Realism and strategy are at the forefront, as players now control the amount of pressure they apply to their opponents. In addition, WWE SmackDown! vs. Raw 2008 features a significant Extreme Championship Wrestling (ECW) presence, including a variety of Superstars, arenas and weapons. The game is also packed with significant updates requested by fans, including new rosters, more environmental hotspots, a combined Season and General Manager Mode experience, improved out-of-ring action, enhanced online community support and much more. The Nintendo DS version of the video game offers a unique game play experience, including touch screen control over Superstars, situation-based fighting with unique holds and a full year of nonstop action in WWE Season Mode. [THQ]",61,6.5,Wrestling
61,109902,https://www.metacritic.com/game/wii/wwe-smackdown-vs-raw-2008,https://static.metacritic.com/images/products/games/2/7f065c3a213199c67e47865be755dfd0-98.jpg,WWE SmackDown vs. Raw 2008,Wii,"November 13, 2007","WWE SmackDown! vs. Raw 2008 lets players take the fight into their own hands with the debut of Superstar Fighting Styles. The game features eight unique styles, each having its own strategy and exclusive attributes. A brand new Struggle Submission System gives players intuitive and natural control over their WWE Superstars by using the game's popular analog controls. Realism and strategy are at the forefront, as players now control the amount of pressure they apply to their opponents. In addition, WWE SmackDown! vs. Raw 2008 features a significant Extreme Championship Wrestling (ECW) presence, including a variety of Superstars, arenas and weapons. The game is also packed with significant updates requested by fans, including new rosters, more environmental hotspots, a combined Season and General Manager Mode experience, improved out-of-ring action, enhanced online community support and much more. [THQ]",59,6.3,Wrestling
62,106362,https://www.metacritic.com/game/playstation-2/fire-pro-wrestling-returns,https://static.metacritic.com/images/products/games/2/82ede1a4ea2fd37cd58e4abd7a61ba06-98.jpg,Fire Pro Wrestling Returns,PlayStation 2,"November 13, 2007","The popular Fire Pro Wrestling series is famous for its unparalleled gameplay depth and unmatched customization options, and Fire Pro Wrestling Returns is the biggest and best title yet. Having been widely imported for years by hardcore wrestling fans, this will be the first time that the North American audience will get to experience this amazing series in their native language. A huge variety of match types, everything from Singles to Battle Royal to Electrified Barbed Wire Ropes Exploding Deathmatch! A complete arsenal of wrestling moves and holds. No other wrestling game has such a complete list of moves available. The deepest custom wrestler creator anywhere allows players to create and save hundreds of wrestlers, each with their own unique look, moves and AI! The ability to create your own referee, ring, logo, and even belt allows players to recreate any dream match they can think of! Match Maker mode lets players set up their own wrestling show, earn money, and attempt to lure bigger talent to their matches. [Agetec]",78,8.6,Wrestling
63,108043,https://www.metacritic.com/game/psp/wwe-smackdown-vs-raw-2007,https://static.metacritic.com/images/products/games/3/9b9ef8a7801816acfacd35ee011ae250-98.jpg,WWE SmackDown vs. Raw 2007,PSP,"December 6, 2006","A brand new Analog Control System makes fighting more realistic than ever with intuitive movement and new elements of control. An enhanced Season Mode provides multiple branching storylines and unprecedented levels of player choice. In and out of the ring, dozens of user-controlled environmental hotspots let players take advantage of anything at their disposal to inflict damage on opponents in new and unique ways. Additionally, new high impact combination moves let players take the power of WWE Superstars into their own hands. Experience the intensity of WWE fans in a brand new, fully loaded interactive fighting area. Players can take advantage of multiple weapons, environmental damage and grabbing signs and weapons from the crowd. WWE SmackDown vs. RAW 2007 offers multiple enhancements, including incredible high definition graphics, updated rosters for both RAW and SmackDown, an expanded General Manager Mode, online multiplayer game play with voice chat support and more. [THQ]",78,8.0,Wrestling
64,108041,https://www.metacritic.com/game/playstation-2/wwe-smackdown-vs-raw-2007,https://static.metacritic.com/images/products/games/1/bb35ead3e95ee37a3555c646d32bb373-98.jpg,WWE SmackDown vs. Raw 2007,PlayStation 2,"November 14, 2006","A brand new Analog Control System makes fighting more realistic than ever with intuitive movement and new elements of control. An enhanced Season Mode provides multiple branching storylines and unprecedented levels of player choice. In and out of the ring, dozens of user-controlled environmental hotspots let players take advantage of anything at their disposal to inflict damage on opponents in new and unique ways. Additionally, new high impact combination moves let players take the power of WWE Superstars into their own hands. Experience the intensity of WWE fans in a brand new, fully loaded interactive fighting area. Players can take advantage of multiple weapons, environmental damage and grabbing signs and weapons from the crowd. WWE SmackDown vs. RAW 2007 offers multiple enhancements, including incredible high definition graphics, updated rosters for both RAW and SmackDown, an expanded General Manager Mode, online multiplayer game play with voice chat support and more. [THQ]",80,8.6,Wrestling
65,108042,https://www.metacritic.com/game/xbox-360/wwe-smackdown-vs-raw-2007,https://static.metacritic.com/images/products/games/2/2da2861e1d86edfb0f7d2eddde450a59-98.jpg,WWE SmackDown vs. Raw 2007,Xbox 360,"November 14, 2006","A brand new Analog Control System makes fighting more realistic than ever with intuitive movement and new elements of control. An enhanced Season Mode provides multiple branching storylines and unprecedented levels of player choice. In and out of the ring, dozens of user-controlled environmental hotspots let players take advantage of anything at their disposal to inflict damage on opponents in new and unique ways. Additionally, new high impact combination moves let players take the power of WWE Superstars into their own hands. Experience the intensity of WWE fans in a brand new, fully loaded interactive fighting area. Players can take advantage of multiple weapons, environmental damage and grabbing signs and weapons from the crowd. WWE SmackDown vs. RAW 2007 offers multiple enhancements, including incredible high definition graphics, updated rosters for both RAW and SmackDown, an expanded General Manager Mode, online multiplayer game play with voice chat support and more. [THQ]",81,8.0,Wrestling
66,107224,https://www.metacritic.com/game/psp/def-jam-fight-for-ny-the-takeover,https://static.metacritic.com/images/products/games/4/0fea32413681dd5c355fd22f013f5491-98.jpg,Def Jam: Fight for NY: The Takeover,PSP,"August 29, 2006","Def Jam Fight for NY: The Takeover, the prequel to ""Def Jam Vendetta,"" let's you experience the ultimate hip hop fighting game anywhere you go. Playing as the hottest artists and celebrities in Hip Hop including Busta Rhymes, Carmen Electra, Lil' Kim, Ludacris, Method Man, Redman, Snoop Dogg, and Xzibit, you'll be able to unravel the events that lead to Def Jam Vendetta and find out how D-Mob got to rule NYC. Featuring new fighting moves and new venues, where players can gain respect by winning fights and rising among the ranks of the crew.  Players can create their own fighter with gear from Def Jam University, Phat Farm, Brand Jordan, Ecko Unlimited, Enyce, Rocawear, Sean John, State Property, Reebok, and more. For the first time ever players can battle in 1-on-1 death matches using PSP's wireless functionality. [Electronic Arts]",79,8.1,Wrestling
67,162709,https://www.metacritic.com/game/game-boy-advance/barnyard,https://static.metacritic.com/images/products/games/9/b6560f7ffd496ac1a6d924221cc11473-98.jpg,Barnyard,Game Boy Advance,"August 1, 2006","Bring the Barnyard movie to life! Battle the coyote invaders, tee up for a game of golf, target the bulls eye with your flying chicken and race downhill on your speedy bike. Explore a fully interactive, 3D world and prove they have what it takes to be the biggest party animal of them all.",56,tbd,Wrestling
68,107090,https://www.metacritic.com/game/xbox-360/rumble-roses-xx,https://static.metacritic.com/images/products/games/0/0638ea6b6ff771a16cd0854309b08b47-98.jpg,Rumble Roses XX,Xbox 360,"March 28, 2006","The vixens of wrestling are back. Sure Rumble Roses XX delivers the visual ""enhancements"" that you would expect for a next generation game, but this is more than just another pretty face. Get in the ring and unload submission holds, reversals, and an increased number of other new moves to take down your opponent. Go online and team up with another beauty in the all-new Tag Team mode or compete in a free-for-all to determine who is Queen in the all-new Battle Royal mode. Fight fair or fight dirty - humiliation is the name of the game. The first and only all-female wrestling experience for the Xbox 360. New gameplay modes include Tag Team, Battle Royal, Elimination and more. New moves: A wider variety of moves and combinations offer a more realistic wresting experience. Compete online as a team or go head-to-head. Choose from more than 20 wrestlers each with a variety of costume changes, and new moves. [Konami]",62,6.3,Wrestling
69,107081,https://www.metacritic.com/game/psp/wwe-smackdown!-vs-raw-2006,https://static.metacritic.com/images/products/games/1/34f953e1cad7b5480e622aee23f7bbb7-98.jpg,WWE SmackDown! vs. Raw 2006,PSP,"December 13, 2005",SmackDown vs. RAW 2006 delivers the deepest and most realistic wrestling experience ever. New high-resolution textures and motion-captured technology bring WWE programming to life like never before. The improved fighting system brings a new level of realism and tactical thinking to matches. Lace up your boots for the definitive wrestling experience. Features over 50 playable WWE Superstars. Robust Create-A-Superstar and Create-A-Championship modes. Full Season Mode and dozens of exhibitions. PS2 to PSP Connectivity. Transfer season mode and created characters between the two game systems. Exclusive PSP Features: Party Mode -- WWE mini-games with wireless multiplayer support. Exclusive PSP unlockables: up to 4 player multiplayer wireless gaming. [THQ],81,8.2,Wrestling
70,106998,https://www.metacritic.com/game/playstation-2/wwe-smackdown!-vs-raw-2006,https://static.metacritic.com/images/products/games/8/f3a4aa9b9120b38ff8c618a419ac2e04-98.jpg,WWE SmackDown! vs. Raw 2006,PlayStation 2,"November 14, 2005","An amazing 100 different match types to challenge your wrestling skill and from the halls of immortality, a new roster of celebrated WWE Legends. Lace up your boots for the definitive wrestling experience that is WWE SmackDown! vs RAW 2006. New high-resolution textures and integrated motion-capture technology brings WWE programming to life like never before. Revolutionary momentum system adds increased depth with less complexity, while the all-new stamina system brings a new level of realism and strategy to matches. Challenge players online to gain prestige in a virtual WWE Championship 
Improved cut-scenes and 2 full seasons to play without story repetition. Buried-Alive Match, Bar Brawl backstage area, a special surprise for the WWE divas and others. Fully customizable 3D locker room (first time ever in 3D), 3 levels of blood and other ""fan favorite"" first time additions. A new roster of some of your favorite legends of all time. [THQ]",84,8.4,Wrestling
71,162776,https://www.metacritic.com/game/gamecube/wwe-day-of-reckoning-2,https://static.metacritic.com/images/products/games/6/b262a871549e6d10455e52d1307fbb2c-98.jpg,WWE Day of Reckoning 2,GameCube,"August 29, 2005","In the sequel to WWE Day of Reckoning, you must fight your way back to the top of the wrestling ladder. WWE Day of Reckoning 2 features new legendary fighters, a new story mode, and more.",76,6.1,Wrestling
72,162508,https://www.metacritic.com/game/xbox/wwe-wrestlemania-21,https://static.metacritic.com/images/products/games/8/93a5dc2948162148a2cbc3a8b78e2908-98.jpg,WWE WrestleMania 21,Xbox,"April 20, 2005","Build your own wrestling legacy in WrestleMania XXI. The game provides a realistic WWE experience, complete with superstar voice-overs and commentary. Create your own wrestler, and watch him or her evolve as you earn new moves, costumes, and abilities. Strive for the WWE heavyweight title in single-player mode, or build your own championship belt, and defend it online. Through Xbox Live, you can take on four of your friends in head-to-head competition, where you'll try to gain prestige with each victory earned.",56,6.8,Wrestling
73,103984,https://www.metacritic.com/game/playstation-2/backyard-wrestling-2-there-goes-the-neighborhood,https://static.metacritic.com/images/products/games/4/9b26e0571a80db6e638aba5fcdcaa791-98.jpg,Backyard Wrestling 2: There Goes the Neighborhood,PlayStation 2,"November 16, 2004","Backyard Wrestling Inc. has announced ""your town"" as the location of its first live pay per view. They've put a million dollars cash prize on the line for the wrestler who's got what it takes to destroy every obstacle in their way to the main event and ultimately the unified BYW championship. A completely revamped wrestling and animation system raises the ability to inflict copious amounts of pain to an opponent to nearly infinite levels. Standing and ground based submissions, multi-position grappling, a block button body and an even deeper location-specific damage system all play into the carnage! Players will battle through both an enhanced single player experience, complete with death matches and a ""quest for the belt"" mode, or the ever popular, greatly expanded multi-player scenarios. The list of licensed backyard brawlers has grown immensely, including stars from the explosive home video series, as well as some of the craziest pro wrestlers to ever set foot in a ring. The completely redesigned Create-A-Wrestler System allows gamers to get creative and craft their own alter-ego with. The new robust C.A.W. allows for the customization of a backyard brawler from the ground up, including Tattoo's, Face Paint, Customized Clothing, and more! [Eidos Interactive]",46,4.8,Wrestling
74,162459,https://www.metacritic.com/game/xbox/backyard-wrestling-2-there-goes-the-neighborhood,https://static.metacritic.com/images/products/games/9/ea842c9f3381b2c72375b7ea35ef83a3-98.jpg,Backyard Wrestling 2: There Goes the Neighborhood,Xbox,"November 16, 2004","Delve deep into the heart of Small Town America, USA, with Backyard Wrestling 2. Backyard Wrestling Inc. has put a million-dollar cash prize on the line for the wrestler who can win the unified BYW championship. Defeating the most hardcore backyard wrestlers is not enough, however, as the lure of ""easy money"" has attracted the attention of professional wrestlers as well. With new submission holds, body damage, and defensive moves, you must prove you have what it takes to destroy every obstacle in your path.",43,tbd,Wrestling
75,103598,https://www.metacritic.com/game/playstation-2/rumble-roses,https://static.metacritic.com/images/products/games/8/6ca0ceb8dbec93b196e2528f496b231b-98.jpg,Rumble Roses,PlayStation 2,"November 9, 2004","Get down with Rumble Roses, the first and only all-women?s wrestling game on any platform. These wrestling beauties not only score a perfect 10,000 polygons per character, they also have all the some of the best moves and talent found in any wrestling game. But make sure to watch out for that Mud Match Mode, because these sexy vixens might get dirty. Gorgeous female models and amazing gameplay. Play in the mud with the Rumble Roses in Mud Match Mode. Develop good or bad personas to change costumes and moves. [Konami]",66,8.7,Wrestling
76,104073,https://www.metacritic.com/game/playstation-2/wwe-smackdown!-vs-raw,https://static.metacritic.com/images/products/games/3/a97633d5e6c6d651ad4ef69b178ade52-98.jpg,WWE SmackDown! vs. Raw,PlayStation 2,"November 2, 2004","From the most successful wrestling game series of all-time comes the next phenom in sports entertainment ? WWE SmackDown! vs. RAW.Two worlds will collide as the most elite Superstars square off on the Playstation 2. WWE programming comes to life with Superstar Voice Over and commentary throughout the unparalleled season mode. An abundance of new gameplay mechanics provide full control over all aspects of the game including new stare-downs, chop battles, submission reversals, match tactics, and overhauled Royal Rumble controls. The Divas are hotter than ever with an enhanced bra and panties match and to polish off the robust roster, from the halls of immortality, come a handful of the most celebrated legends to ever lace up their boots. [THQ]",80,8.6,Wrestling
77,162509,https://www.metacritic.com/game/game-boy-advance/wwe-survivor-series,https://static.metacritic.com/images/products/games/9/15f4f19e20d3eaf2866086e4599c22bf-98.jpg,WWE Survivor Series,Game Boy Advance,"October 12, 2004","Get in the ring with the WWE's top superstars in WWE Survivor Series for the Game Boy Advance. You must fight through the ranks and challenge for the belts to become the champion in the all-new single-player mode. Turn the tables on the match with the new reversal system and momentum shifts. Survivor Series also lets you link up with your friends in eight match types, including cage, tag team, ""fatal four-way,"" and more.",55,7.7,Wrestling
78,162413,https://www.metacritic.com/game/xbox/def-jam-fight-for-ny,https://static.metacritic.com/images/products/games/3/fcc4f4d596b3b735b874f93d803e9b0a-98.jpg,Def Jam: Fight for NY,Xbox,"September 20, 2004","Def Jam Fight for NY takes the battle for hip-hop domination into the fighting ring. More than 35 hip-hop artists and personalities--including Busta Rhymes, Carmen Electra, Lil' Kim, Ludacris, Method Man, Redman, Sean Paul, Slick Rick, and Snoop Dogg--face off in brutal wrestling matches. In the ring and on the streets, you'll join the battle as a New York City street fighter. The game challenges you to develop your own fighting style and seize control of the hip-hop underworld.",84,8.6,Wrestling
79,103800,https://www.metacritic.com/game/playstation-2/def-jam-fight-for-ny,https://static.metacritic.com/images/products/games/0/715ded810be4b0fe318316f07dc98b9e-98.jpg,Def Jam: Fight for NY,PlayStation 2,"September 20, 2004","The ultimate hip-hop-fueled fighting video game features more than 70 characters, including more than 35 of the most well-known artists and personalities in hip-hop today, including Busta Rhymes, Carmen Electra, Lil? Kim, Ludacris, Method Man, Redman, Sean Paul, Slick Rick, Snoop Dogg, and many more. Def Jam Vendetta II challenges players to step into the shoes of a ruthless NYC street fighter battling for control of the hip-hop underground. The game features an all-new fighting engine allowing gamers to customize multiple fighting styles as the deep new story mode takes the action well beyond the ring and into the streets. Master each fighting style: street fighting, kickboxing, martial arts, wrestling, and submission fighting. Combine up to three styles to create devastating hybrid-styles, complete with new ""blazin' moves"" to finish off your opponent. Build your own street-ready fighter and outfit him with thousands of pieces of unlockable licensed gear, tattoos, and even bling from the Jeweler to the stars, Jacob the Jeweler. [Electronic Arts]",83,8.8,Wrestling
80,162404,https://www.metacritic.com/game/gamecube/wwe-day-of-reckoning,https://static.metacritic.com/images/products/games/4/05cc43e23b244af56f0cc2dc49ee8093-98.jpg,WWE Day of Reckoning,GameCube,"August 30, 2004","Hit the ropes against WWE's top superstars in WWE Day of Reckoning, which features an all-new story mode filled with deception and betrayal. As your own created wrestler, you can rise up the ranks from the ""minor leagues"" of sports entertainment all the way to prime-time WWE programming. You can choose your favorite WWE Divas and go head-to-head in a Bra & Panties match. Each wrestling star, including Legends, can target specific body parts to wear down opponents.",79,8.7,Wrestling
81,103743,https://www.metacritic.com/game/playstation-2/galactic-wrestling-featuring-ultimate-muscle,https://static.metacritic.com/images/products/games/3/591ada477360b2e93837577209359cd3-98.jpg,Galactic Wrestling: Featuring Ultimate Muscle,PlayStation 2,"June 30, 2004","(Known in Japan as ""Kinniku Man Generations"") Bandai and the Aki Corporation brings you the sequel to last year's ""Ultimate Muscle: Legends Vs. New Generation"" for the GameCube. Slam your foes with outrageous super galactic moves! Pile on the mayhem, up to 4 players at a time! More than 45 wrestlers to choose from. KO the competition to unlock hidden wrestlers. 6 muscle-busting game modes including Tag Team and Battle Royal! Catch it now on the Fox Box! [Bandai]",61,8.0,Wrestling
82,161868,https://www.metacritic.com/game/xbox/showdown-legends-of-wrestling,https://static.metacritic.com/images/products/games/8/1050572ecfa8fd82641dee160dacb61d-98.jpg,Showdown: Legends of Wrestling,Xbox,"June 22, 2004","Showdown: Legends of Wrestling features more than 70 of the greatest wrestlers throughout history. Send your favorite wrestlers to the squared circle for bone-breaking matches, including Table, First Blood, Ladder, Cage, and Battle Royal. Create dream matches, unlock classic feuds, and customize your own wrestler. You'll travel down the path of pain in the new era-based career mode. If you can master the new Ready-To-Brawl controls, you'll be prepared to take on the icons of professional wrestling.",57,tbd,Wrestling
83,102756,https://www.metacritic.com/game/playstation-2/showdown-legends-of-wrestling,https://static.metacritic.com/images/products/games/6/d9259d989ac6d7e77ef13e079823fb54-98.jpg,Showdown: Legends of Wrestling,PlayStation 2,"June 22, 2004","Legends of Wrestling: SHOWDOWN is the exclusive supercard of the immortals! Battle through the annals of time clashing with the greatest grapplers to set foot in the squared circle. Create dream matches, unlock classic feuds and travel down the path of pain in the first-ever era-based career mode to see if you have what it takes to beat the icons of professional wrestling! The only game with over 70 of the greatest ring warriors ever, including the recently announced Ultimate Warrior! Brand new ""Ready To Brawl"" controls for ultimate mat mayhem. Bone-breaking matches including Table, First Blood, Ladder, Cage, Battle Royal, 6 & 8 Man Elimination Bouts, Handicap, plus 3 & 4 Way Dances. Travel down the path of pain in the all-new era-based, feud-driven career mode. Never-before-seen Classic Matches with hidden licensed arenas. Two-man commentary. Wrestling tutorial from the ""excellence of execution"" Bret ""Hitman"" Hart. Create-A-Legend returns with all new textures allowing players to make their ultimate icon of wrestling. Signature entrances and taunts for each Legend, including all new licensed music composed by ""Mouth of the South"" Jimmy Hart. [Acclaim]",55,6.0,Wrestling
84,103798,https://www.metacritic.com/game/pc/total-extreme-wrestling-2004,https://static.metacritic.com/images/products/games/8/47d96277bb08e5686b06411d2e3c05bc-98.jpg,Total Extreme Wrestling 2004,PC,"March 31, 2004","Total Extreme Warfare is the new wrestling management simulator from Adam Ryland, creator of the critically acclaimed Extreme Warfare Revenge series. Taking on the role of a wrestling promoter, it is up to you to try and steer your chosen company to the top of the industry, along the way dealing with prima donna superstars, wars with rival companies, and the demands of TV companies! Based on the global wrestling scene, Total Extreme Warfare takes some of the ideas and features first presented in Extreme Warfare Revenge, and take them to the next level. Combining the decade of experience that Adam Ryland has in creating fan-friendly wrestling simulators with the quality that people have come to expect from .400 Software Studios, Total Extreme Warfare gives fans who are bored with the tired genre of button-bashing arcade wrestling games the chance to use their wits as they play the most richly detailed wrestling simulator ever created. [.400 Software Studios]",76,6.8,Wrestling
85,162278,https://www.metacritic.com/game/game-boy-advance/mucha-lucha!-mascaritas-of-the-lost-code,https://static.metacritic.com/images/products/games/8/cac790e339613618f08b3ab3c0ba2757-98.jpg,Mucha Lucha! Mascaritas of the Lost Code,Game Boy Advance,"November 18, 2003",Mucha Lucha! Mascaritas of the Lost Code is a game so utterly devoid of challenge that actually calling it a game almost seems too generous.,26,3.0,Wrestling
86,102820,https://www.metacritic.com/game/playstation-2/wwe-smackdown!-here-comes-the-pain,https://static.metacritic.com/images/products/games/0/d6d8fcb2c69852c16617203bd8e9b436-98.jpg,WWE SmackDown! Here Comes the Pain,PlayStation 2,"October 27, 2003","Features an exclusive story mode with original storylines developed by WWE. Unique Superstar abilities featuring real-life attributes of strength, submission, technique, speed and stamina. New and improved controls including an in-depth countering and interactive submission system. All-new match types including Bra & Panty, First Blood and Elimination Chamber. Enhanced production values feature dynamic camera transitions, an improved audio experience, Superstar voice over and more-realistic animations. [THQ]",85,8.9,Wrestling
87,161905,https://www.metacritic.com/game/xbox/backyard-wrestling-dont-try-this-at-home,https://static.metacritic.com/images/products/games/5/04730a9cb8cb748db12a790aa02f9b99-98.jpg,Backyard Wrestling: Don't Try This at Home,Xbox,"October 9, 2003","Get ready for the most hardcore fighting experience on your console. Insane stunts, brutal weapons and a whole world of pain, Backyand Wrestling allows you to step into a groundbreaking new world of open-ended gameplay.
Punish your opponent using instruments of pain like bricks, light bulbs, tables as well as the environment itself.",50,4.4,Wrestling
88,102744,https://www.metacritic.com/game/playstation-2/backyard-wrestling-dont-try-this-at-home,https://static.metacritic.com/images/products/games/4/239a65ef85565f83db712131df81cb2b-98.jpg,Backyard Wrestling: Don't Try This at Home,PlayStation 2,"October 7, 2003","Backyard Wrestling allows you to step out of the the staleness of the wrestling genre, and into a groundbreaking new world of open ended gameplay. Punish your opponent in highly interactive sprawling environments implementing instruments of pain like thumbtacks, barbed wire, light bulbs, stop signs, baseball bats, tables, fire? as well as the environment itself. Prepare yourself to endure inhuman amounts of pain, and take incredible risks, as you leap from breathtaking heights to beat your opponent, and be crowned ""The King Of Hardcore"". [Eidos Interactive]",51,7.6,Wrestling
89,161533,https://www.metacritic.com/game/xbox/wwe-raw-2,https://static.metacritic.com/images/products/games/3/62ad3d3bf5bcc8235de3c00c6ba64619-98.jpg,WWE Raw 2,Xbox,"September 16, 2003","The sequel to WWF Raw features enhanced graphics and gameplay, a story mode, and more than 60 WWE superstars. WWE Raw 2 showcases its new features in eight arenas that come to life with 3D crowds and special effects. The enhanced gameplay controls provide better grappling, more balanced momentum shifts, and a realistic AI. Now you can play in different modes including multiplayer season mode, Exhibition, Season, King of The Ring, Royal Rumble, expanded Title Match, and Create-A-Superstar. The game also includes Hell in a Cell and TLC match types.",68,7.3,Wrestling
90,161918,https://www.metacritic.com/game/gamecube/wwe-wrestlemania-xix,https://static.metacritic.com/images/products/games/8/a3c707745628f9250641c984e484d5c0-98.jpg,WWE WrestleMania XIX,GameCube,"September 8, 2003","The legacy continues with WrestleMania XIX, which features deeper move sets and a more strategic reversal system. Choose among an updated list of top WWE superstars, each with realistic abilities, including strength, speed, and stamina. You can become a legend by battling your way through five stages and more than 25 missions in an effort to destroy Vince's empire. Team up with Stephanie McMahon along the way as you win back your status in the WWE.",76,8.7,Wrestling
91,161913,https://www.metacritic.com/game/game-boy-advance/ultimate-muscle-the-kinnikuman-legacy---the-path-of-the-superhero,https://static.metacritic.com/images/products/games/3/8b61ae3a6197abd9a2d6a25607845f09-98.jpg,Ultimate Muscle: The Kinnikuman Legacy - The Path of the Superhero,Game Boy Advance,"June 5, 2003","His unwilling arrival on Earth comes conspicuously close to the legendary Muscle League Champions' embarrassing beating at the hands of the d.M.p, a devious new breed of evil wrestling super villains. The Muscle League has recruited King Muscle's own son to reinvigorate their falling fortunes! And they've enlisted and trained a whole new generation of heroes to take on the diabolical d.M.p and save the planet!!",70,8.1,Wrestling
92,161671,https://www.metacritic.com/game/gamecube/ultimate-muscle-legends-vs-new-generation,https://static.metacritic.com/images/products/games/1/fa9a4e6908d6e7a2e5f17a93536725af-98.jpg,Ultimate Muscle: Legends vs New Generation,GameCube,"June 5, 2003","As evil villains return to take over the world, a battle ensues between old and new superheroes. The wise trainer of both generations, Meat, has decided to pit the two generations against each other to decide which generation is the strongest of all time. In this epic battle, you can play as 20 different characters, each with different wrestling skills and signature finishing moves. Customize your character and play in Story mode or Versus and Tournament mode against three of your friends.",77,7.0,Wrestling
93,102506,https://www.metacritic.com/game/playstation-2/def-jam-vendetta,https://static.metacritic.com/images/products/games/6/2500293aec804998467fcf6fcc7caeb2-98.jpg,Def Jam Vendetta,PlayStation 2,"March 31, 2003","It's been three years since D-Mob chased you out of the New York fight circuit and you swore you'd never go back. Now your pal Manny is in trouble and he needs you to bail him out. The plan is simple: get in, win a few fights, pay off his debt, get out. No problem. Well, it turns out that things aren't as easy as they appear. Once in the scene, your past comes back to haunt you. Soon you're over your head and your only chance to get your life back together is to settle a score that has gone too long unpaid. [Electronic Arts]",80,8.6,Wrestling
94,161707,https://www.metacritic.com/game/gamecube/def-jam-vendetta,https://static.metacritic.com/images/products/games/7/b41ebc506ecd2803f3bb2257511e053a-98.jpg,Def Jam Vendetta,GameCube,"March 31, 2003","It's been three years since D-Mob chased you out of the New York fight circuit and you swore you'd never go back. Now your pal Manny is in trouble, and he needs you to bail him out. Your only chance to get the money is to settle a score with the Def Jam crew, including DMX, Ludacris, Joe Budden, and Method Man. While listening to the tracks and beats from Def Jam artists, you can fight or play as over 40 combatants, each with special moves, combos, and taunts.",81,8.2,Wrestling
95,161602,https://www.metacritic.com/game/xbox/legends-of-wrestling-ii,https://static.metacritic.com/images/products/games/2/04185e82b24eb76f4b439a6e485032de-98.jpg,Legends of Wrestling II,Xbox,"December 5, 2002","Legends of Wrestling II takes you through the wrestling hall of fame with the top grapplers that are battling for squared-circle supremacy. Play as your favorite wrestler--including Hulk Hogan, Andre ""The Giant,"" and Bret ""Hitman"" Hart--each with signature entrances, taunts, and moves. A new storyline and career mode let you battle for the respect of promoters and fans while fighting for the heavyweight championship crown. The game also features tag-team tournaments, a $15,000 Body Slam Challenge, and a variety of match types.",62,tbd,Wrestling
96,161619,https://www.metacritic.com/game/gamecube/legends-of-wrestling-ii,https://static.metacritic.com/images/products/games/9/87c76280aed63e61969ecd8c77668f38-98.jpg,Legends of Wrestling II,GameCube,"November 26, 2002","Legends of Wrestling II takes you through the wrestling hall of fame with the top grapplers that are battling for squared-circle supremacy. Play as your favorite wrestler--including Hulk Hogan, Andre ""The Giant,"" and Bret ""Hitman"" Hart--each with signature entrances, taunts, and moves. A new storyline and career mode let you battle for the respect of promoters and fans while fighting for the heavyweight championship crown. The game also features tag-team tournaments, a $15,000 Body Slam Challenge, and a variety of match types.",59,tbd,Wrestling
97,102395,https://www.metacritic.com/game/playstation-2/legends-of-wrestling-ii,https://static.metacritic.com/images/products/games/5/49964fb2176b09865ea4a40bd4619c72-98.jpg,Legends of Wrestling II,PlayStation 2,"November 26, 2002","Features over 65 of the greatest ring warriors ever including the icon Hulk Hogan, Andre ""The Giant"", Rowdy Roddy Piper, Bruno Sammartino, Bret ""Hitman"" Hart, Sid Vicious, ""Big Poppa Pump"" Scott Steiner, Jerry ""The King"" Lawler, and many more! Cranium-crushing match types, such as 6- and 8-man Elimination Bouts, Cage, Battle Royal, Ladder, Table and 3- and 4-way dances. Never-before-seen $15,000 Body Slam Challenge with Big John Studd. [Acclaim]",59,6.1,Wrestling
98,161748,https://www.metacritic.com/game/game-boy-advance/legends-of-wrestling-ii,https://static.metacritic.com/images/products/games/8/a59b4fd6b1f9a4f52db7091cb2dda2c8-98.jpg,Legends of Wrestling II,Game Boy Advance,"November 25, 2002","Legends of Wrestling II takes you through the wrestling hall of fame with the top grapplers that are battling for squared-circle supremacy. Play as your favorite wrestler--including Hulk Hogan, Andre ""The Giant,"" and Bret ""Hitman"" Hart--each with signature entrances, taunts, and moves. A new storyline and career mode let you battle for the respect of promoters and fans while fighting for the heavyweight championship crown. The game also features tag-team tournaments, a $15,000 Body Slam Challenge, and a variety of match types.",24,3.7,Wrestling
99,102250,https://www.metacritic.com/game/playstation-2/wwe-smackdown!-shut-your-mouth,https://static.metacritic.com/images/products/games/0/b4c2becaee784d6478231d16518a258c-98.jpg,WWE SmackDown! Shut Your Mouth,PlayStation 2,"October 31, 2002","Features an updated roster with even more WWE superstars, including Hollywood Hulk Hogan, Stacy Keibler, DDP, Ric Flair, the nWo, and many more. The in-depth story mode has multiple character paths, and for the first time, players will have the option to enter superstars into a World Wrestling Entertainment draft pool. There are a variety of backstage areas modeled after Madison Square Garden, and more than 14 PPV arenas, including Backlash, Vengeance, and Unforgiven. The thousands of animations include superstar signature moves with double- and triple-team moves. The improved create-a-wrestler mode lets players build the ultimate wrestler with a dynamic layer system and a new thumbnail system, allowing even more CAW options.",82,8.6,Wrestling
100,161566,https://www.metacritic.com/game/game-boy-advance/wwe-road-to-wrestlemania-x8,https://static.metacritic.com/images/products/games/6/8873264cbfc8dec8288809cdbc249279-98.jpg,WWE Road to WrestleMania X8,Game Boy Advance,"October 23, 2002","If you like the WWE, you'll probably enjoy WWE Road to WrestleMania X8.",73,7.6,Wrestling
101,102433,https://www.metacritic.com/game/pc/wwe-raw,https://static.metacritic.com/images/products/games/3/6003ee5ec65211340aab10ead4240565-98.jpg,WWE Raw,PC,"October 14, 2002","Now WWE fanatics everywhere can battle with more than 35 WWE Superstars replicated in amazing detail. That's right, WWE Raw for the PC places you in the squared circle with some of the nastiest men on the planet. [THQ]",54,6.6,Wrestling
102,161391,https://www.metacritic.com/game/game-boy-advance/fire-pro-wrestling-2,https://static.metacritic.com/images/products/games/1/d8e4c636700039dc7952f1907d6e815a-98.jpg,Fire Pro Wrestling 2,Game Boy Advance,"September 23, 2002","If you've never tried the Fire Pro series and you're someone who enjoys fighting or wrestling games, you really owe it to yourself to experience Fire Pro Wrestling 2.",72,8.3,Wrestling
103,161039,https://www.metacritic.com/game/gamecube/wwe-wrestlemania-x8,https://static.metacritic.com/images/products/games/9/807f725f4f8a861d930f64105feaa12b-98.jpg,WWE WrestleMania X8,GameCube,"June 9, 2002","Legendary battles and intense drama are packed into one event--WrestleMania, where the baddest men on the planet meet to become champions of wrestling. An updated 2002 roster features superstars and newcomers Rob Van Dam, Booker T, The Hurricane, and nWo members Scott Hall, Kevin Nash, and Hulk Hogan. Master each superstar's unique wrestling style and turn the tide of the match through a combination of counters, reversals, and brutal finishing moves. Now you can start from the beginning and take your rookie wrestler up through the ranks in quest for the Heavyweight Championship Belt.",64,6.9,Wrestling
104,161439,https://www.metacritic.com/game/xbox/legends-of-wrestling,https://static.metacritic.com/images/products/games/9/d91b25b766bc8ef085e507ed7776ed32-98.jpg,Legends of Wrestling,Xbox,"May 27, 2002","Legends of Wrestling throws the greatest wrestlers into one game to find out who is the true king of kings. Wrestling superstars, including Hulk Hogan, Bret ""Hitman"" Hart, and Jerry ""The King"" Lawler, step back into the ring to deliver more body slams, piledrivers, and powerbombs to the competition. Play as authentic professional wrestlers or create your own legendary fighter, and then travel around the world to battle for wrestling's top titles. Legends of Wrestling also features customizable ring attire and new wrestler entrances.",65,6.5,Wrestling
105,161265,https://www.metacritic.com/game/gamecube/legends-of-wrestling,https://static.metacritic.com/images/products/games/5/b853b9b9189242addb6b84c153061f3b-98.jpg,Legends of Wrestling,GameCube,"May 27, 2002","Legends of Wrestling throws the greatest wrestlers into one game to find out who is the true king of kings. Wrestling superstars, including Hulk Hogan, Bret ""Hitman"" Hart, and Jerry ""The King"" Lawler, step back into the ring to deliver more body slams, piledrivers, and powerbombs to the competition. Play as authentic professional wrestlers or create your own legendary fighter, and then travel around the world to battle for wrestling's top titles. Legends of Wrestling also features customizable ring attire and new wrestler entrances.",50,6.8,Wrestling
106,160971,https://www.metacritic.com/game/xbox/wwf-raw,https://static.metacritic.com/images/products/games/1/bf68f44808a85678843689779b659879-98.jpg,WWF Raw,Xbox,"February 11, 2002","With WWE Raw, you can bring more than 35 WWE superstars into your living room. This game puts you inside the squared circle to compete against your favorite wrestlers in a variety of match types, including tag team, King of the Ring, and more. Each player has his or her own finishing moves, entrances, and entrance effects. Set up tournaments against the game's AI, or face off against three of your friends in multiplayer modes.",68,5.6,Wrestling
107,101701,https://www.metacritic.com/game/playstation-2/legends-of-wrestling,https://static.metacritic.com/images/products/games/1/ba6d2c4be99c2876c4e66dcf3ae4b3c4-98.jpg,Legends of Wrestling,PlayStation 2,"December 3, 2001","The names speak for themselves: Hulk Hogan, Bret ""Hitman"" Hart, Jerry ""The King"" Lawler, Rob Van Dam, Terry Funk, The Road Warriors, Jimmy ""Superfly"" Snuka , Ricky ""The Dragon"" Steamboat, Ted DiBiase, The Iron Sheik, ""King Kong"" Bundy, and George ""The Animal"" Steele, just to name a few.",55,7.9,Wrestling
108,161093,https://www.metacritic.com/game/game-boy-advance/wwf-road-to-wrestlemania,https://static.metacritic.com/images/products/games/3/1b0d8866b59ddb64c1fd4b44b6d25b5d-98.jpg,WWF Road to Wrestlemania,Game Boy Advance,"November 18, 2001","For those who can overlook a little lack of polish, WWF: Road to Wrestlemania is an excellent addition to the wrestling enthusiast's game library.",62,tbd,Wrestling
